key,code,start-period,end-period,mark,link,key:code-audit
audit-record-01,AU-1234-123,2000/01/01 00:00,2000/01/01 00:00,A,null,code-audit-01
audit-record-02,AU-6789-789,2000/01/01 00:00,2000/01/01 00:00,A,null,code-audit-01
audit-record-03,AU-0000-000,2000/01/01 00:00,2000/01/01 00:00,A,null,code-audit-01
audit-record-04,AU-0000-001,2000/01/01 00:01,2000/01/01 00:00,A,null,code-audit-01
audit-record-05,AU-0000-002,2011/03/15 12:00,2000/01/01 00:00,A,null,code-audit-01
audit-record-06,AU-0000-003,2022/07/29 23:59,2000/01/01 00:00,A,null,code-audit-01
audit-record-07,AU-0000-004,2022/07/30 00:00,2000/01/01 00:00,A,null,code-audit-01
audit-record-08,AU-0000-005,2022/07/30 00:00,2000/01/01 00:01,A,null,code-audit-01
audit-record-09,AU-0000-006,2022/07/30 00:00,2011/03/15 12:00,A,null,code-audit-01
audit-record-10,AU-0000-007,2022/07/30 00:00,2022/07/29 23:59,A,null,code-audit-01
audit-record-11,AU-0000-008,2022/07/30 00:00,2022/07/30 00:00,A,null,code-audit-01
audit-record-12,AU-0000-009,2022/07/30 00:00,2022/07/30 00:00,A,null,code-audit-01
audit-record-13,AU-0000-010,2022/07/30 00:00,2022/07/30 00:00,A_PLUS,null,code-audit-01
audit-record-14,AU-0000-011,2022/07/30 00:00,2022/07/30 00:00,B,null,code-audit-01
audit-record-15,AU-0000-012,2022/07/30 00:00,2022/07/30 00:00,C,null,code-audit-01
audit-record-16,AU-0000-013,2022/07/30 00:00,2022/07/30 00:00,F,null,code-audit-01
audit-record-17,AU-0000-014,2022/07/30 00:00,2022/07/30 00:00,F_MINUS,null,code-audit-01
audit-record-18,AU-0000-015,2022/07/30 00:00,2022/07/30 00:00,F_MINUS,https://www.77gjfr8tCJTeGCgQBpFfP7m5Jhix2F2SkUy4vC4O3DeQNAyGUMhNcKxU0wa9Ba5Bsbnv90BG17FHLAuPdV1Pg7z9ukwyuuTOF7677gjfr8tCJTeGCgQBpFfP7m5Jhix2F2SkUy4vCK4O3DeQNAyGUMhNcKxU0wa9Ba5Bsbnv4O3DeQNAyGUMhNcKxU0wa9Ba5Bsbnv90BG17FHLA90BG17FHLAuPdV1Pg7z9ukwyuuTOF76.org,code-audit-01
audit-record-19,AU-0000-016,2022/07/30 00:00,2022/07/30 00:00,F_MINUS,https://www.77gjfr8tCJTeGCgQBpFfP7m5Jhix2F2SkUy4vC4O3DeQNAyGUMhNcKxU0wa9Ba5Bsbnv90BG17FHLAuPdV1Pg7z9ukwyuuTOF7677gjfr8tCJTeGCgQBpFfP7m5Jhix2F2SkUy4vCK4O3DeQNAyGUMhNcKxU0wa9Ba5Bsbnv4O3DeQNAyGUMhNcKxU0wa9Ba5Bsbnv90BG17FHLA90BG17FHLAuPdV1Pg7z9ukwyuTOF76.org,code-audit-01
audit-record-20,AU-0000-017,2022/07/30 00:00,2022/07/30 00:00,F_MINUS,https://www.info.onion,code-audit-01
audit-record-21,AU-0000-018,2022/07/30 00:00,2022/07/30 00:00,F_MINUS,https://www.info.onion,code-audit-01
audit-record-22,AU-0000-019,2022/07/30 00:00,2022/07/30 00:00,F_MINUS,https://www.info.onion,code-audit-02
audit-record-23,AU-0000-020,2022/07/30 00:00,2022/07/30 00:00,F_MINUS,https://www.info.onion,code-audit-02
audit-record-24,AU-0000-021,2022/07/30 00:00,2022/07/30 00:00,F_MINUS,https://www.info.onion,code-audit-03
