key,key:contract,record-id,completeness,comment,registration-moment,responsible-person
project-logs-01,contract-01,PG-BC-7890,0.70,Comentario de prueba,2020/03/10 16:30,Antonio Remmers
project-logs-02,contract-01,PG-BC-7890,0.70,Comentario de prueba,2020/03/10 16:30,William Ramírez
project-logs-03,contract-01,PG-BC-7890,0.70,Comentario de prueba,2020/03/10 16:30,テอบควาメントテスト用コメントテスト用コメントテスト用コοκトテスト用コメントテスト用コメントテスト用コメントテスト用コメントテスト用コメントテ
project-logs-04,contract-01,PG-BC-7890,0.70,Comentario de prueba,2020/03/10 16:30,ト
project-logs-05,contract-01,PG-BC-7890,0.70,Comentario de prueba,2020/03/10 16:30,κιμήδοκιμήδοκιμήδοκιμήδοκιμήδοκιμήδοκιμήδο
project-logs-06,contract-01,PG-BC-7890,0.70,Comentario de prueba,2017/01/08 22:30,Alice Williams
project-logs-07,contract-01,PG-BC-7890,0.70,Comentario de prueba,2021/12/27 4:30,Alice Williams
project-logs-08,contract-01,PG-BC-7890,0.70,Comentario de prueba,2000/01/02 00:59,Alice Williams
project-logs-09,contract-01,PG-BC-7890,0.70,Comentario de prueba,2010/12/30 12:59,Alice Williams
project-logs-10,contract-01,PG-BC-7890,0.70,Comentario de prueba,2020/01/21 23:30,Alice Williams
project-logs-11,contract-01,PG-BC-7890,0.70,´太 La luna brilla en el cielo nocturno iluminando´´´´ el camino oscuro y silencioso บคบคบ..........,2020/03/10 16:30,Alice Williams
project-logs-12,contract-01,PG-BC-7890,0.70,中,2024/03/10 16:30,Alice Williams
project-logs-13,contract-01,PG-BC-7890,0.70,"<script>alert(""bomba"")</script>",2020/03/10 16:30,Alice Williams
project-logs-14,contract-01,PG-BC-7890,0.70,Σχόλιο 8 δοκιμήδοκιμήδοκιμής.,2020/03/10 16:30,Alice Williams
project-logs-15,contract-01,PG-BC-7890,0.70,ทดสอบความคิดเห็นที่ทดสอบความคิดเห็นที่ทดสอคามคิเห็ 22.,2020/03/10 16:30,Alice Williams
project-logs-16,contract-01,PG-BC-7890,0.99,Comentario de prueba,2020/03/10 16:30,Alice Williams
project-logs-17,contract-01,PG-BC-7890,0.01,Comentario de prueba,2020/03/10 16:30,Alice Williams
project-logs-18,contract-01,PG-BC-7890,0.55,Comentario de prueba,2020/03/10 16:30,Alice Williams
project-logs-19,contract-01,PG-BC-7890,0.65,Comentario de prueba,2020/03/10 16:30,Alice Williams
project-logs-20,contract-01,PG-BC-7890,0.43,Comentario de prueba,2020/03/10 16:30,Alice Williams
project-logs-21,contract-01,PG-ZZ-9998,0.70,Comentario de prueba,2020/03/10 16:30,Alice Williams
project-logs-22,contract-01,PG-A-0001,0.70,Comentario de prueba,2020/03/10 16:30,Alice Williams
project-logs-23,contract-01,PG-OO-5555,0.70,Comentario de prueba,2020/03/10 16:30,Alice Williams
project-logs-24,contract-01,PG-SE-8723,0.70,Comentario de prueba,2020/03/10 16:30,Alice Williams
project-logs-25,contract-01,PG-JC-6920,0.70,Comentario de prueba,2020/03/10 16:30,Alice Williams
